image_path,breed
images/American/american_2143.jpg,American
images/American/piggy_301.jpg,American
images/Abyssinian/abyssinian_1653.jpg,Abyssinian
images/Abyssinian/abyssinian_1318.jpg,Abyssinian
images/American/american_212.jpg,American
images/Silkie/silkie_591.jpg,Silkie
images/Silkie/silkie_265.jpg,Silkie
images/American/piggy_955.jpg,American
images/Abyssinian/abyssinian_1256.jpg,Abyssinian
images/American/american_2036.jpg,American
images/Abyssinian/abyssinian_211.jpg,Abyssinian
images/Abyssinian/abyssinian_1194.jpg,Abyssinian
images/Abyssinian/abyssinian_1299.jpg,Abyssinian
images/Silkie/silkie_878.jpg,Silkie
images/Skinny/skinny_193.JPG,Skinny
images/American/american_253.jpg,American
images/Abyssinian/abyssinian_1199.jpg,Abyssinian
images/American/american_2321.jpg,American
images/Skinny/skinny_053.jpg,Skinny
images/Abyssinian/abyssinian_202.jpg,Abyssinian
images/Silkie/silkie_576.jpg,Silkie
images/Silkie/silkie_586.jpg,Silkie
images/Skinny/skinny_118.jpg,Skinny
images/American/american_252.jpg,American
images/American/american_2309.jpg,American
images/American/piggy_257.jpg,American
images/American/american_059.jpg,American
images/American/american_142.jpg,American
images/Skinny/skinny_051.jpg,Skinny
images/American/american_225.jpg,American
images/Abyssinian/abyssinian_049.jpg,Abyssinian
images/American/american_090.jpg,American
images/Skinny/skinny_137.jpg,Skinny
images/Skinny/skinny_120.jpg,Skinny
images/Skinny/skinny_206.jpg,Skinny
images/Skinny/skinny_018.jpg,Skinny
images/Abyssinian/abyssinian_064.jpg,Abyssinian
images/American/piggy_707.jpg,American
images/Silkie/silkie_721.jpg,Silkie
images/Skinny/skinny_085.jpg,Skinny
images/Abyssinian/abyssinian_027.jpg,Abyssinian
images/Abyssinian/abyssinian_102.jpg,Abyssinian
images/American/piggy_342.jpg,American
images/American/american_217.jpg,American
images/American/american_211.jpg,American
images/American/american_2060.jpg,American
images/Skinny/skinny_063.JPG,Skinny
images/Skinny/skinny_246.jpg,Skinny
images/Abyssinian/abyssinian_1174.jpg,Abyssinian
images/Silkie/silkie_612.jpg,Silkie
images/Abyssinian/abyssinian_232.jpg,Abyssinian
images/American/american_124.jpg,American
images/Abyssinian/abyssinian_107.jpg,Abyssinian
images/Abyssinian/abyssinian_1076.jpg,Abyssinian
images/American/american_2435.jpg,American
images/Skinny/skinny_288.jpg,Skinny
images/Abyssinian/abyssinian_235.jpg,Abyssinian
images/American/american_084.jpg,American
images/Silkie/silkie_246.jpg,Silkie
images/Skinny/skinny_139.jpg,Skinny
images/Abyssinian/abyssinian_1656.jpg,Abyssinian
images/American/american_2245.jpg,American
images/Abyssinian/abyssinian_1311.jpg,Abyssinian
images/Skinny/skinny_264.jpg,Skinny
images/Skinny/skinny_199.jpg,Skinny
images/Silkie/silkie_553.jpg,Silkie
images/Skinny/skinny_136.jpg,Skinny
images/American/american_2315.jpg,American
images/Abyssinian/abyssinian_1077.jpg,Abyssinian
images/Silkie/silkie_924.jpg,Silkie
images/Skinny/skinny_090.jpg,Skinny
images/Abyssinian/abyssinian_225.jpg,Abyssinian
images/Skinny/skinny_111.jpg,Skinny
images/Silkie/silkie_942.jpg,Silkie
images/Skinny/skinny_146.jpg,Skinny
images/Skinny/skinny_065.jpg,Skinny
images/Abyssinian/abyssinian_129.jpg,Abyssinian
images/Abyssinian/abyssinian_1309.jpg,Abyssinian
images/Skinny/skinny_094.jpg,Skinny
images/Abyssinian/abyssinian_1134.jpg,Abyssinian
images/American/american_089.jpg,American
images/Abyssinian/abyssinian_138.jpg,Abyssinian
images/American/american_227.jpg,American
images/Abyssinian/abyssinian_201.jpg,Abyssinian
images/Abyssinian/abyssinian_1695.jpg,Abyssinian
images/Skinny/piggy_600.jpg,Skinny
images/Abyssinian/piggy_096.jpg,Abyssinian
images/Abyssinian/abyssinian_015.jpg,Abyssinian
images/Abyssinian/abyssinian_1140.jpg,Abyssinian
images/Silkie/silkie_865.jpg,Silkie
images/Silkie/silkie_743.jpg,Silkie
images/American/american_054.jpg,American
images/Abyssinian/abyssinian_118.jpg,Abyssinian
images/American/american_223.jpg,American
images/Skinny/skinny_110.jpg,Skinny
images/Abyssinian/piggy_763.jpg,Abyssinian
images/Skinny/skinny_208.jpg,Skinny
images/Abyssinian/abyssinian_1216.jpg,Abyssinian
images/Abyssinian/abyssinian_1025.jpg,Abyssinian
images/Abyssinian/abyssinian_1493.jpg,Abyssinian
images/American/american_2471.jpg,American
images/Silkie/silkie_030.jpg,Silkie
images/American/american_214.jpg,American
images/American/american_2227.jpg,American
images/Abyssinian/abyssinian_063.jpg,Abyssinian
images/American/piggy_030.jpg,American
images/American/american_088.jpg,American
images/Abyssinian/piggy_381.jpg,Abyssinian
images/Abyssinian/abyssinian_127.jpg,Abyssinian
images/Abyssinian/abyssinian_034.jpg,Abyssinian
images/Silkie/silkie_223.jpg,Silkie
images/American/american_2051.jpg,American
images/Abyssinian/abyssinian_152.JPG,Abyssinian
images/Abyssinian/abyssinian_143.jpg,Abyssinian
images/Abyssinian/abyssinian_035.jpg,Abyssinian
images/American/american_051.jpg,American
images/Abyssinian/abyssinian_272.jpg,Abyssinian
images/Silkie/silkie_765.jpg,Silkie
images/Abyssinian/abyssinian_1107.jpg,Abyssinian
images/American/piggy_678.jpg,American
images/Abyssinian/abyssinian_1462.jpg,Abyssinian
images/Skinny/skinny_041.jpg,Skinny
images/American/american_2076.jpg,American
images/Skinny/skinny_128.jpg,Skinny
images/American/piggy_090.jpg,American
images/Silkie/silkie_610.jpg,Silkie
images/American/american_134.jpg,American
images/Abyssinian/abyssinian_150.jpg,Abyssinian
images/Silkie/silkie_898.jpg,Silkie
images/Abyssinian/abyssinian_1163.jpg,Abyssinian
images/American/piggy_540.jpg,American
images/Abyssinian/abyssinian_216.JPG,Abyssinian
images/Abyssinian/piggy_134.jpg,Abyssinian
images/Silkie/silkie_530.jpg,Silkie
images/American/american_057.jpg,American
images/American/piggy_438.jpg,American
images/Skinny/skinny_181.JPG,Skinny
images/Skinny/skinny_196.jpg,Skinny
images/American/american_110.jpg,American
images/Abyssinian/abyssinian_1218.jpg,Abyssinian
images/American/piggy_023.jpg,American
images/Skinny/skinny_182.jpg,Skinny
images/Silkie/silkie_1008.jpg,Silkie
images/American/american_183.jpg,American
images/Abyssinian/piggy_604.jpg,Abyssinian
images/American/piggy_934.jpg,American
images/Silkie/silkie_195.jpg,Silkie
images/Abyssinian/abyssinian_1231.jpg,Abyssinian
images/American/american_2289.jpg,American
images/American/american_236.jpg,American
images/Abyssinian/abyssinian_275.jpg,Abyssinian
images/American/american_2457.jpg,American
images/American/piggy_442.jpg,American
images/Skinny/skinny_106.jpg,Skinny
images/Abyssinian/abyssinian_057.jpg,Abyssinian
images/Silkie/silkie_711.jpg,Silkie
images/Abyssinian/abyssinian_1013.jpg,Abyssinian
images/American/american_034.jpg,American
images/American/american_076.jpg,American
images/American/american_219.jpg,American
images/American/piggy_191.jpg,American
images/American/american_103.jpg,American
images/American/american_066.jpg,American
images/American/piggy_284.jpg,American
images/American/piggy_167.jpg,American
images/American/american_055.jpg,American
images/Skinny/skinny_273.jpg,Skinny
images/Abyssinian/abyssinian_204.jpg,Abyssinian
images/Abyssinian/abyssinian_1230.jpg,Abyssinian
images/American/piggy_470.jpg,American
images/Skinny/skinny_044.jpg,Skinny
images/Silkie/silkie_800.jpg,Silkie
images/American/american_101.jpg,American
images/American/piggy_665.jpg,American
images/Skinny/piggy_961.jpg,Skinny
images/American/american_009.jpg,American
images/Silkie/silkie_747.jpg,Silkie
images/Skinny/skinny_070.jpg,Skinny
images/American/american_1366.jpg,American
images/Silkie/silkie_589.jpg,Silkie
images/Silkie/silkie_915.jpg,Silkie
images/American/american_210.jpg,American
images/American/american_2737.jpg,American
images/Abyssinian/abyssinian_214.jpg,Abyssinian
images/American/american_1575.jpg,American
images/Skinny/skinny_227.jpg,Skinny
images/Silkie/silkie_502.jpg,Silkie
images/Abyssinian/abyssinian_1024.jpg,Abyssinian
images/Abyssinian/abyssinian_1139.jpg,Abyssinian
images/Abyssinian/abyssinian_1016.jpg,Abyssinian
images/Skinny/skinny_151.jpg,Skinny
images/Silkie/silkie_045.jpg,Silkie
images/Abyssinian/piggy_809.jpg,Abyssinian
images/Abyssinian/abyssinian_028.jpg,Abyssinian
images/Abyssinian/abyssinian_103.jpg,Abyssinian
images/American/american_107.jpg,American
images/Abyssinian/abyssinian_036.jpg,Abyssinian
images/Silkie/silkie_507.jpg,Silkie
images/American/piggy_661.jpg,American
images/Abyssinian/abyssinian_151.jpg,Abyssinian
images/Abyssinian/abyssinian_1225.jpg,Abyssinian
images/American/piggy_250.jpg,American
images/American/piggy_020.jpg,American
images/Silkie/silkie_735.jpg,Silkie
images/Abyssinian/abyssinian_1643.jpg,Abyssinian
images/Silkie/silkie_166.jpg,Silkie
images/American/american_050.jpg,American
images/Abyssinian/abyssinian_081.jpg,Abyssinian
images/Abyssinian/abyssinian_271.jpg,Abyssinian
images/Abyssinian/abyssinian_1156.jpg,Abyssinian
images/American/american_215.jpg,American
images/Abyssinian/abyssinian_229.jpg,Abyssinian
images/American/american_072.jpg,American
images/Abyssinian/abyssinian_1319.jpg,Abyssinian
images/Skinny/skinny_107.jpg,Skinny
images/Skinny/skinny_150.jpg,Skinny
images/American/american_2215.jpg,American
images/Abyssinian/piggy_123.jpg,Abyssinian
images/Abyssinian/abyssinian_218.jpg,Abyssinian
images/Skinny/skinny_154.jpg,Skinny
images/American/american_2209.jpg,American
images/Skinny/piggy_245.jpg,Skinny
images/American/american_036.jpg,American
images/Abyssinian/piggy_046.jpg,Abyssinian
images/Abyssinian/abyssinian_079.jpg,Abyssinian
images/Abyssinian/abyssinian_242.jpg,Abyssinian
images/Abyssinian/abyssinian_203.jpg,Abyssinian
images/Abyssinian/abyssinian_1211.jpg,Abyssinian
images/American/american_131.png,American
images/American/american_2030.jpg,American
images/Silkie/silkie_215.jpg,Silkie
images/Silkie/silkie_762.jpg,Silkie
images/Silkie/silkie_704.jpg,Silkie
images/American/american_2418.jpg,American
images/American/piggy_363.jpg,American
images/Silkie/silkie_606.jpg,Silkie
images/American/piggy_1016.jpg,American
images/American/piggy_094.jpg,American
images/Skinny/skinny_144.png,Skinny
images/Abyssinian/abyssinian_026.jpg,Abyssinian
images/American/piggy_392.jpg,American
images/Silkie/silkie_015.jpg,Silkie
images/Abyssinian/abyssinian_1063.jpg,Abyssinian
images/Skinny/piggy_352.jpg,Skinny
images/Silkie/silkie_977.jpg,Silkie
images/Abyssinian/abyssinian_154.jpg,Abyssinian
images/Abyssinian/abyssinian_1036.jpg,Abyssinian
images/American/american_147.png,American
images/American/piggy_152.jpg,American
images/American/piggy_669.jpg,American
images/American/american_121.jpg,American
images/Abyssinian/abyssinian_1587.jpg,Abyssinian
images/Silkie/silkie_742.jpg,Silkie
images/Silkie/silkie_840.jpg,Silkie
images/Silkie/silkie_820.jpg,Silkie
images/Skinny/skinny_132.jpg,Skinny
images/Skinny/skinny_125.jpg,Skinny
images/American/american_2442.jpg,American
images/American/piggy_484.jpg,American
images/Abyssinian/piggy_423.jpg,Abyssinian
images/Silkie/silkie_807.jpg,Silkie
images/Abyssinian/abyssinian_183.jpg,Abyssinian
images/Skinny/skinny_296.jpg,Skinny
images/American/american_231.jpg,American
images/Skinny/skinny_138.jpg,Skinny
images/American/american_097.jpg,American
images/Silkie/silkie_329.jpg,Silkie
images/Abyssinian/abyssinian_132.jpg,Abyssinian
images/Abyssinian/abyssinian_189.jpg,Abyssinian
images/American/american_2494.jpg,American
images/American/piggy_243.jpg,American
images/Abyssinian/abyssinian_198.jpg,Abyssinian
images/Silkie/silkie_529.jpg,Silkie
images/Silkie/silkie_068.jpg,Silkie
images/Abyssinian/abyssinian_156.jpg,Abyssinian
images/American/piggy_157.jpg,American
images/Abyssinian/piggy_845.jpg,Abyssinian
images/Silkie/silkie_912.jpg,Silkie
images/Skinny/skinny_006.jpg,Skinny
images/American/piggy_588.jpg,American
images/Abyssinian/piggy_237.jpg,Abyssinian
images/Abyssinian/abyssinian_1281.jpg,Abyssinian
images/American/american_044.jpg,American
images/Abyssinian/abyssinian_1383.jpg,Abyssinian
images/Silkie/silkie_455.jpg,Silkie
images/Silkie/silkie_741.jpg,Silkie
images/Abyssinian/abyssinian_1133.jpg,Abyssinian
images/Abyssinian/abyssinian_106.jpg,Abyssinian
images/Skinny/skinny_122.jpg,Skinny
images/Abyssinian/abyssinian_194.jpg,Abyssinian
images/American/piggy_032.jpg,American
images/American/piggy_699.jpg,American
images/American/american_209.jpg,American
images/Skinny/skinny_173.jpg,Skinny
images/Abyssinian/abyssinian_1124.jpg,Abyssinian
images/Silkie/silkie_795.jpg,Silkie
images/Silkie/silkie_515.jpg,Silkie
images/Silkie/silkie_007.jpg,Silkie
images/Silkie/silkie_911.jpg,Silkie
images/Silkie/silkie_718.jpg,Silkie
images/Abyssinian/piggy_001.jpg,Abyssinian
images/Abyssinian/abyssinian_113.jpg,Abyssinian
images/American/american_2083.jpg,American
images/Abyssinian/abyssinian_044.jpg,Abyssinian
images/Abyssinian/abyssinian_1026.jpg,Abyssinian
images/American/piggy_112.jpg,American
images/Silkie/silkie_697.jpg,Silkie
images/Silkie/silkie_714.jpg,Silkie
images/American/american_008.jpg,American
images/Abyssinian/abyssinian_082.jpg,Abyssinian
images/Abyssinian/abyssinian_1264.jpg,Abyssinian
images/American/american_2634.jpg,American
images/American/american_077.jpg,American
images/Abyssinian/abyssinian_1186.jpg,Abyssinian
images/American/american_238.jpg,American
images/Silkie/silkie_592.jpg,Silkie
images/Abyssinian/abyssinian_1648.jpg,Abyssinian
images/Silkie/silkie_850.jpg,Silkie
images/Abyssinian/abyssinian_1612.jpg,Abyssinian
images/Abyssinian/piggy_767.jpg,Abyssinian
images/American/american_2290.jpg,American
images/Abyssinian/abyssinian_1203.jpg,Abyssinian
images/Abyssinian/piggy_667.jpg,Abyssinian
images/Abyssinian/piggy_802.jpg,Abyssinian
images/Abyssinian/abyssinian_1060.jpg,Abyssinian
images/Abyssinian/abyssinian_112.jpg,Abyssinian
images/Silkie/silkie_568.jpg,Silkie
images/Skinny/skinny_119.jpg,Skinny
images/Abyssinian/abyssinian_1395.jpg,Abyssinian
images/Abyssinian/abyssinian_1037.jpg,Abyssinian
images/Skinny/skinny_117.png,Skinny
images/Skinny/skinny_270.jpg,Skinny
images/Abyssinian/abyssinian_1004.jpg,Abyssinian
images/Abyssinian/abyssinian_1220.jpg,Abyssinian
images/Silkie/silkie_434.jpg,Silkie
images/Skinny/skinny_029.jpg,Skinny
images/American/american_111.jpg,American
images/Abyssinian/abyssinian_238.jpg,Abyssinian
images/Silkie/silkie_593.jpg,Silkie
images/Skinny/skinny_249.jpg,Skinny
images/Silkie/silkie_768.jpg,Silkie
images/Abyssinian/piggy_146.jpg,Abyssinian
images/Skinny/skinny_158.jpg,Skinny
images/American/american_2456.jpg,American
images/Silkie/silkie_978.jpg,Silkie
images/Silkie/silkie_949.jpg,Silkie
images/Abyssinian/abyssinian_191.jpg,Abyssinian
images/American/piggy_041.jpg,American
images/American/piggy_127.jpg,American
images/American/piggy_129.jpg,American
images/Skinny/piggy_787.jpg,Skinny
images/American/american_2646.jpg,American
images/American/american_012.jpg,American
images/American/piggy_033.jpg,American
images/American/american_109.jpg,American
images/American/piggy_549.jpg,American
images/American/american_073.jpg,American
images/Skinny/skinny_214.JPG,Skinny
images/American/american_021.jpg,American
images/Abyssinian/abyssinian_104.jpg,Abyssinian
images/American/american_2467.jpg,American
images/Skinny/skinny_077.jpg,Skinny
images/American/piggy_497.jpg,American
images/American/american_2035.jpg,American
images/Abyssinian/abyssinian_1381.jpg,Abyssinian
images/Abyssinian/abyssinian_1015.jpg,Abyssinian
images/Abyssinian/abyssinian_039.jpg,Abyssinian
images/Silkie/silkie_950.jpg,Silkie
images/Abyssinian/abyssinian_1057.jpg,Abyssinian
images/Abyssinian/abyssinian_1120.jpg,Abyssinian
images/Skinny/skinny_302.jpg,Skinny
images/Abyssinian/abyssinian_220.jpg,Abyssinian
images/Abyssinian/abyssinian_024.jpg,Abyssinian
images/Skinny/skinny_251.jpg,Skinny
images/American/american_228.jpg,American
images/Abyssinian/abyssinian_071.jpg,Abyssinian
images/Skinny/skinny_187.jpg,Skinny
images/American/american_092.jpg,American
images/Skinny/skinny_028.jpg,Skinny
images/American/piggy_548.jpg,American
images/American/american_032.jpg,American
images/Silkie/silkie_1007.jpg,Silkie
images/Silkie/silkie_571.jpg,Silkie
images/Abyssinian/abyssinian_116.jpg,Abyssinian
images/American/piggy_956.jpg,American
images/Abyssinian/abyssinian_077.jpg,Abyssinian
images/Skinny/skinny_299.jpg,Skinny
images/Abyssinian/abyssinian_1061.jpg,Abyssinian
images/Abyssinian/abyssinian_1096.jpg,Abyssinian
images/Skinny/skinny_225.jpg,Skinny
images/American/piggy_271.jpg,American
images/Abyssinian/abyssinian_1571.jpg,Abyssinian
images/Silkie/silkie_449.jpg,Silkie
images/Skinny/skinny_213.jpg,Skinny
images/American/piggy_725.jpg,American
images/American/piggy_579.jpg,American
images/Abyssinian/abyssinian_1286.jpg,Abyssinian
images/Silkie/silkie_027.jpg,Silkie
images/American/piggy_308.jpg,American
images/Silkie/silkie_767.jpg,Silkie
images/American/american_2279.jpg,American
images/American/american_106.png,American
images/American/american_2258.jpg,American
images/American/american_2010.jpg,American
images/Abyssinian/abyssinian_067.jpeg,Abyssinian
images/American/american_078.JPG,American
images/American/american_235.jpg,American
images/American/american_245.jpg,American
images/Silkie/silkie_532.jpg,Silkie
images/American/american_196.jpg,American
images/Abyssinian/abyssinian_120.jpg,Abyssinian
images/Abyssinian/abyssinian_014.jpg,Abyssinian
images/American/american_150.jpg,American
images/American/piggy_748.jpg,American
images/Silkie/silkie_965.jpg,Silkie
images/Abyssinian/abyssinian_1122.jpg,Abyssinian
images/Silkie/silkie_879.jpg,Silkie
images/Abyssinian/abyssinian_1248.jpg,Abyssinian
images/American/american_2455.jpg,American
images/Abyssinian/abyssinian_136.jpg,Abyssinian
images/Abyssinian/abyssinian_1416.jpg,Abyssinian
images/Abyssinian/abyssinian_1258.jpg,Abyssinian
images/Abyssinian/abyssinian_208.jpg,Abyssinian
images/American/american_2192.jpg,American
images/American/american_022.jpg,American
images/Skinny/skinny_191.jpg,Skinny
images/Silkie/silkie_590.jpg,Silkie
images/Silkie/silkie_823.jpg,Silkie
images/Abyssinian/abyssinian_008.jpg,Abyssinian
images/Abyssinian/abyssinian_045.jpg,Abyssinian
images/American/american_132.jpg,American
images/Skinny/skinny_170.JPG,Skinny
images/Abyssinian/piggy_730.jpg,Abyssinian
images/Abyssinian/abyssinian_247.jpg,Abyssinian
images/Abyssinian/abyssinian_1014.jpg,Abyssinian
images/American/american_141.jpg,American
images/American/piggy_854.jpg,American
images/Silkie/silkie_909.jpg,Silkie
images/American/american_115.png,American
images/Silkie/silkie_782.jpg,Silkie
images/American/piggy_339.jpg,American
images/American/american_2165.jpg,American
images/Silkie/silkie_971.jpg,Silkie
images/Abyssinian/abyssinian_1034.jpg,Abyssinian
images/Abyssinian/abyssinian_1022.jpg,Abyssinian
images/Abyssinian/abyssinian_020.jpg,Abyssinian
images/American/american_237.jpg,American
images/Skinny/skinny_260.jpg,Skinny
images/American/american_226.jpg,American
images/Abyssinian/abyssinian_073.jpg,Abyssinian
images/Abyssinian/abyssinian_1274.jpg,Abyssinian
images/Skinny/skinny_254.jpg,Skinny
images/Abyssinian/abyssinian_1446.jpg,Abyssinian
images/Abyssinian/abyssinian_267.jpg,Abyssinian
images/Skinny/skinny_232.jpg,Skinny
images/American/american_2265.jpg,American
images/Skinny/skinny_022.png,Skinny
images/Skinny/skinny_242.jpg,Skinny
images/Skinny/skinny_017.jpg,Skinny
images/Abyssinian/abyssinian_1095.jpg,Abyssinian
images/Abyssinian/abyssinian_007.jpg,Abyssinian
images/Silkie/silkie_121.jpg,Silkie
images/American/american_221.jpg,American
images/Abyssinian/abyssinian_226.jpg,Abyssinian
images/Skinny/skinny_220.jpg,Skinny
images/American/piggy_416.jpg,American
images/Skinny/skinny_078.jpg,Skinny
images/Abyssinian/abyssinian_065.jpg,Abyssinian
images/Abyssinian/abyssinian_030.jpg,Abyssinian
images/American/american_174.jpg,American
images/Silkie/silkie_518.jpg,Silkie
images/Skinny/skinny_203.JPG,Skinny
images/Silkie/silkie_755.jpg,Silkie
images/Abyssinian/abyssinian_100.png,Abyssinian
images/American/american_190.jpg,American
images/American/piggy_370.jpg,American
images/Abyssinian/abyssinian_070.jpg,Abyssinian
images/American/piggy_040.jpg,American
images/Abyssinian/abyssinian_1179.jpg,Abyssinian
images/American/american_023.jpg,American
images/Abyssinian/abyssinian_234.jpg,Abyssinian
images/American/american_2509.jpg,American
images/Skinny/skinny_174.JPG,Skinny
images/Abyssinian/abyssinian_1011.jpg,Abyssinian
images/American/piggy_309.jpg,American
images/Skinny/skinny_088.jpg,Skinny
images/Abyssinian/abyssinian_263.jpg,Abyssinian
images/American/american_2326.jpg,American
images/Abyssinian/abyssinian_043.jpg,Abyssinian
images/Abyssinian/abyssinian_1052.jpg,Abyssinian
images/Skinny/skinny_276.jpg,Skinny
images/Silkie/silkie_356.jpg,Silkie
images/Silkie/silkie_799.jpg,Silkie
images/Abyssinian/abyssinian_1388.jpg,Abyssinian
images/Abyssinian/abyssinian_221.jpg,Abyssinian
images/Skinny/skinny_013.jpg,Skinny
images/Skinny/skinny_020.jpg,Skinny
images/American/american_144.jpg,American
images/Abyssinian/piggy_734.jpg,Abyssinian
images/Abyssinian/abyssinian_233.jpg,Abyssinian
images/Skinny/skinny_095.jpg,Skinny
images/Abyssinian/abyssinian_033.jpg,Abyssinian
images/Silkie/silkie_806.jpg,Silkie
images/Abyssinian/abyssinian_261.jpg,Abyssinian
images/Skinny/skinny_177.jpg,Skinny
images/Silkie/silkie_914.jpg,Silkie
images/American/american_130.jpg,American
images/Silkie/silkie_064.jpg,Silkie
images/American/piggy_691.jpg,American
images/Skinny/skinny_112.jpg,Skinny
images/American/american_2589.jpg,American
images/American/piggy_268.jpg,American
images/Abyssinian/abyssinian_1300.jpg,Abyssinian
images/Skinny/skinny_265.jpg,Skinny
images/Abyssinian/abyssinian_217.jpg,Abyssinian
images/Abyssinian/abyssinian_012.jpg,Abyssinian
images/American/piggy_464.jpg,American
images/American/piggy_361.jpg,American
images/Skinny/skinny_074.jpg,Skinny
images/Abyssinian/abyssinian_009.jpg,Abyssinian
images/American/piggy_868.jpg,American
images/American/american_2052.jpg,American
images/American/piggy_028.jpg,American
images/American/american_2150.jpg,American
images/American/piggy_777.jpg,American
images/American/american_127.jpg,American
images/Skinny/skinny_235.jpg,Skinny
images/Abyssinian/abyssinian_158.jpg,Abyssinian
images/American/american_242.jpg,American
images/Skinny/skinny_050.jpg,Skinny
images/Silkie/silkie_281.jpg,Silkie
images/Abyssinian/abyssinian_1050.jpg,Abyssinian
images/American/american_2138.jpg,American
images/Skinny/skinny_183.jpg,Skinny
images/American/piggy_441.jpg,American
images/Silkie/silkie_228.jpg,Silkie
images/Skinny/skinny_244.jpg,Skinny
images/Abyssinian/abyssinian_1149.jpg,Abyssinian
images/Abyssinian/abyssinian_1618.jpg,Abyssinian
images/Abyssinian/abyssinian_1117.jpg,Abyssinian
images/American/american_062.jpg,American
images/Abyssinian/abyssinian_180.jpg,Abyssinian
images/Abyssinian/abyssinian_168.jpg,Abyssinian
images/Abyssinian/abyssinian_1480.jpg,Abyssinian
images/Abyssinian/abyssinian_200.jpg,Abyssinian
images/Silkie/silkie_888.jpg,Silkie
images/Abyssinian/abyssinian_259.jpg,Abyssinian
images/Abyssinian/abyssinian_1317.jpg,Abyssinian
images/Abyssinian/abyssinian_1208.jpg,Abyssinian
images/Abyssinian/abyssinian_188.png,Abyssinian
images/Abyssinian/abyssinian_1283.jpg,Abyssinian
images/American/piggy_693.jpg,American
images/Silkie/silkie_929.jpg,Silkie
images/Skinny/skinny_160.jpg,Skinny
images/Silkie/silkie_041.jpg,Silkie
images/Skinny/skinny_238.jpg,Skinny
images/American/piggy_035.jpg,American
images/American/piggy_749.jpg,American
images/American/american_2622.jpg,American
images/Abyssinian/abyssinian_1119.jpg,Abyssinian
images/Abyssinian/abyssinian_1441.jpg,Abyssinian
images/American/american_216.jpg,American
images/American/american_140.jpg,American
images/Skinny/skinny_066.jpg,Skinny
images/Silkie/silkie_1013.jpg,Silkie
images/Skinny/skinny_292.jpg,Skinny
images/American/american_006.jpg,American
images/Abyssinian/abyssinian_224.jpg,Abyssinian
images/American/american_2423.jpg,American
images/Silkie/silkie_725.jpg,Silkie
images/Abyssinian/abyssinian_076.jpg,Abyssinian
images/Abyssinian/abyssinian_054.jpg,Abyssinian
images/Skinny/skinny_176.jpg,Skinny
images/Abyssinian/abyssinian_1046.jpg,Abyssinian
images/Abyssinian/abyssinian_1250.jpg,Abyssinian
images/Silkie/silkie_061.jpg,Silkie
images/Silkie/silkie_856.jpg,Silkie
images/American/american_136.jpg,American
images/Abyssinian/abyssinian_1104.jpg,Abyssinian
images/Skinny/skinny_055.jpg,Skinny
images/Silkie/silkie_732.jpg,Silkie
images/Abyssinian/abyssinian_050.jpg,Abyssinian
images/Skinny/skinny_207.jpg,Skinny
images/American/american_230.jpg,American
images/Abyssinian/piggy_110.jpg,Abyssinian
images/Silkie/silkie_693.jpg,Silkie
images/American/piggy_471.jpg,American
images/American/piggy_969.jpg,American
images/American/american_2151.jpg,American
images/American/american_048.jpg,American
images/Skinny/skinny_291.jpg,Skinny
images/Skinny/skinny_001.jpg,Skinny
images/Abyssinian/abyssinian_1619.jpg,Abyssinian
images/American/american_108.jpg,American
images/Skinny/piggy_681.jpg,Skinny
images/American/american_010.jpg,American
images/American/american_2609.jpg,American
images/Abyssinian/abyssinian_227.jpg,Abyssinian
images/Silkie/silkie_974.jpg,Silkie
images/Abyssinian/abyssinian_1150.jpg,Abyssinian
images/Silkie/silkie_203.jpg,Silkie
images/American/piggy_465.jpg,American
images/Abyssinian/abyssinian_270.jpg,Abyssinian
images/American/piggy_198.jpg,American
images/American/piggy_440.jpg,American
images/Skinny/skinny_089.jpg,Skinny
images/Abyssinian/abyssinian_1058.jpg,Abyssinian
images/Abyssinian/abyssinian_016.jpg,Abyssinian
images/Skinny/skinny_010.jpg,Skinny
images/American/american_2395.jpg,American
images/Abyssinian/abyssinian_1253.jpg,Abyssinian
images/Skinny/skinny_267.jpg,Skinny
images/American/american_1438.jpg,American
images/American/piggy_140.jpg,American
images/American/piggy_263.jpg,American
images/Abyssinian/abyssinian_046.jpg,Abyssinian
images/Abyssinian/abyssinian_190.jpg,Abyssinian
images/American/american_135.jpeg,American
images/Silkie/silkie_024.jpg,Silkie
images/American/american_003.jpg,American
images/American/american_205.jpg,American
images/American/piggy_654.jpg,American
images/American/piggy_006.jpg,American
images/Abyssinian/abyssinian_265.jpg,Abyssinian
images/Skinny/skinny_099.png,Skinny
images/Abyssinian/piggy_004.jpg,Abyssinian
images/Abyssinian/abyssinian_148.jpg,Abyssinian
images/Abyssinian/abyssinian_1116.jpg,Abyssinian
images/Skinny/skinny_233.jpg,Skinny
images/Skinny/skinny_126.jpg,Skinny
images/Skinny/skinny_145.JPG,Skinny
images/Silkie/silkie_537.jpg,Silkie
images/Skinny/skinny_002.JPG,Skinny
images/American/american_2184.jpg,American
images/American/american_246.jpg,American
images/Skinny/skinny_237.jpg,Skinny
images/Skinny/skinny_266.jpg,Skinny
images/American/piggy_064.jpg,American
images/American/piggy_419.jpg,American
images/Abyssinian/abyssinian_185.jpg,Abyssinian
images/Abyssinian/abyssinian_1081.jpg,Abyssinian
images/Silkie/silkie_319.jpg,Silkie
images/Silkie/silkie_913.jpg,Silkie
images/American/american_213.jpg,American
images/American/american_2663.jpg,American
images/Skinny/skinny_277.jpg,Skinny
images/Abyssinian/abyssinian_1306.jpg,Abyssinian
images/Abyssinian/abyssinian_094.jpg,Abyssinian
images/Abyssinian/abyssinian_031.jpg,Abyssinian
images/Abyssinian/abyssinian_041.jpg,Abyssinian
images/Silkie/silkie_925.jpg,Silkie
images/American/american_2107.jpg,American
images/Abyssinian/abyssinian_145.jpg,Abyssinian
images/Skinny/skinny_033.jpg,Skinny
images/Silkie/silkie_543.jpg,Silkie
images/American/piggy_914.jpg,American
images/Abyssinian/abyssinian_1193.jpg,Abyssinian
images/Silkie/silkie_798.jpg,Silkie
images/Abyssinian/piggy_580.jpg,Abyssinian
images/American/american_2040.jpg,American
images/Abyssinian/abyssinian_193.jpg,Abyssinian
images/Abyssinian/abyssinian_1590.jpg,Abyssinian
images/Silkie/silkie_791.jpg,Silkie
images/Abyssinian/abyssinian_245.jpg,Abyssinian
images/Skinny/skinny_034.jpg,Skinny
images/American/american_2701.jpg,American
images/American/american_049.jpg,American
images/American/american_029.jpg,American
images/American/american_2353.jpg,American
images/American/american_2108.jpg,American
images/Skinny/skinny_149.jpg,Skinny
images/Skinny/skinny_039.jpg,Skinny
images/Skinny/skinny_179.jpg,Skinny
images/Abyssinian/abyssinian_269.jpg,Abyssinian
images/Skinny/skinny_023.jpg,Skinny
images/American/piggy_042.jpg,American
images/Skinny/skinny_269.jpg,Skinny
images/American/piggy_312.jpg,American
images/Skinny/skinny_293.jpg,Skinny
images/Abyssinian/abyssinian_174.jpg,Abyssinian
images/Skinny/skinny_035.png,Skinny
images/Silkie/silkie_1012.jpg,Silkie
images/Abyssinian/abyssinian_1636.jpg,Abyssinian
images/American/american_2026.jpg,American
images/Silkie/silkie_877.jpg,Silkie
images/Abyssinian/abyssinian_002.jpg,Abyssinian
images/Skinny/skinny_222.jpg,Skinny
images/American/piggy_930.jpg,American
images/Abyssinian/abyssinian_149.jpg,Abyssinian
images/Silkie/silkie_505.jpg,Silkie
images/Abyssinian/abyssinian_1195.jpg,Abyssinian
images/American/american_104.jpg,American
images/Silkie/silkie_947.jpg,Silkie
images/American/american_222.jpg,American
images/Skinny/skinny_087.jpg,Skinny
images/American/piggy_099.jpg,American
images/American/american_146.JPG,American
images/Skinny/skinny_097.jpg,Skinny
images/American/american_2015.jpg,American
images/Abyssinian/abyssinian_1207.jpg,Abyssinian
images/Silkie/silkie_710.jpg,Silkie
images/Abyssinian/abyssinian_258.jpg,Abyssinian
images/Abyssinian/abyssinian_1234.jpg,Abyssinian
images/Silkie/silkie_146.jpg,Silkie
images/American/piggy_205.jpg,American
images/American/american_2175.jpg,American
images/Abyssinian/abyssinian_1255.jpg,Abyssinian
images/American/piggy_372.jpg,American
images/Silkie/silkie_557.jpg,Silkie
images/Skinny/skinny_036.jpg,Skinny
images/Abyssinian/abyssinian_091.jpg,Abyssinian
images/American/piggy_302.jpg,American
images/American/american_2061.jpg,American
images/American/american_2744.jpg,American
images/Silkie/silkie_073.jpg,Silkie
images/Silkie/silkie_774.jpg,Silkie
images/Abyssinian/abyssinian_199.jpg,Abyssinian
images/Abyssinian/abyssinian_1071.jpg,Abyssinian
images/Skinny/skinny_096.jpg,Skinny
images/Abyssinian/abyssinian_1271.jpg,Abyssinian
images/Abyssinian/abyssinian_182.jpg,Abyssinian
images/Silkie/silkie_771.jpg,Silkie
images/Abyssinian/abyssinian_062.jpg,Abyssinian
images/Skinny/skinny_005.jpg,Skinny
images/Silkie/silkie_919.jpg,Silkie
images/Silkie/silkie_695.jpg,Silkie
images/American/piggy_395.jpg,American
images/Skinny/skinny_201.jpg,Skinny
images/Silkie/silkie_993.jpg,Silkie
images/Abyssinian/abyssinian_1187.jpg,Abyssinian
images/Skinny/skinny_103.jpg,Skinny
images/Silkie/silkie_852.jpg,Silkie
images/Abyssinian/abyssinian_164.jpg,Abyssinian
images/Abyssinian/abyssinian_160.jpg,Abyssinian
images/Silkie/silkie_029.jpg,Silkie
images/Abyssinian/abyssinian_1418.jpg,Abyssinian
images/American/american_247.jpg,American
images/Skinny/skinny_038.jpg,Skinny
images/Abyssinian/abyssinian_163.jpg,Abyssinian
images/Abyssinian/piggy_500.jpg,Abyssinian
images/American/american_061.jpg,American
images/American/piggy_521.jpg,American
images/Abyssinian/abyssinian_239.jpg,Abyssinian
images/Skinny/skinny_163.jpg,Skinny
images/Abyssinian/abyssinian_184.jpg,Abyssinian
images/Abyssinian/abyssinian_162.jpg,Abyssinian
images/Abyssinian/piggy_668.jpg,Abyssinian
images/Silkie/silkie_516.jpg,Silkie
images/American/piggy_561.jpg,American
images/Abyssinian/abyssinian_236.jpg,Abyssinian
images/Skinny/skinny_211.jpg,Skinny
images/Abyssinian/abyssinian_237.jpg,Abyssinian
images/American/american_2408.jpg,American
images/Silkie/silkie_954.jpg,Silkie
images/Skinny/piggy_291.jpg,Skinny
images/Abyssinian/abyssinian_1229.jpg,Abyssinian
images/Silkie/silkie_006.jpg,Silkie
images/Abyssinian/abyssinian_1035.jpg,Abyssinian
images/American/piggy_383.jpg,American
images/American/piggy_509.jpg,American
images/American/american_2067.jpg,American
images/Abyssinian/abyssinian_1533.jpg,Abyssinian
images/American/american_2484.jpg,American
images/Abyssinian/abyssinian_1002.jpg,Abyssinian
images/Skinny/skinny_114.jpg,Skinny
images/American/piggy_380.jpg,American
images/American/american_053.JPG,American
images/Abyssinian/abyssinian_1226.jpg,Abyssinian
images/Skinny/skinny_116.jpg,Skinny
images/Abyssinian/abyssinian_1652.jpg,Abyssinian
images/Skinny/skinny_148.jpg,Skinny
images/Abyssinian/abyssinian_1222.jpg,Abyssinian
images/Silkie/silkie_510.jpg,Silkie
images/Skinny/skinny_129.jpg,Skinny
images/Abyssinian/abyssinian_1054.jpg,Abyssinian
images/Silkie/silkie_200.jpg,Silkie
images/Silkie/silkie_619.jpg,Silkie
images/American/american_2506.jpg,American
images/Skinny/skinny_275.jpg,Skinny
images/American/american_013.jpg,American
images/Skinny/skinny_048.jpg,Skinny
images/Abyssinian/abyssinian_262.jpg,Abyssinian
images/Abyssinian/abyssinian_1637.jpg,Abyssinian
images/American/american_2420.jpg,American
images/Skinny/skinny_012.png,Skinny
images/Skinny/skinny_155.jpg,Skinny
images/Skinny/skinny_290.jpg,Skinny
images/Abyssinian/abyssinian_038.jpg,Abyssinian
images/Silkie/silkie_797.jpg,Silkie
images/American/american_195.jpeg,American
images/Silkie/silkie_976.jpg,Silkie
images/Abyssinian/abyssinian_223.jpg,Abyssinian
images/American/american_058.jpg,American
images/Silkie/silkie_094.jpg,Silkie
images/Abyssinian/piggy_636.jpg,Abyssinian
images/Silkie/silkie_705.jpg,Silkie
images/Abyssinian/abyssinian_075.jpg,Abyssinian
images/Skinny/skinny_221.jpg,Skinny
images/American/american_2503.jpg,American
images/Skinny/skinny_228.jpg,Skinny
images/Abyssinian/abyssinian_1045.jpg,Abyssinian
images/Skinny/skinny_245.jpg,Skinny
images/American/piggy_159.jpg,American
images/American/american_116.jpg,American
images/American/piggy_104.jpg,American
images/Skinny/skinny_016.jpg,Skinny
images/Silkie/silkie_876.jpg,Silkie
images/American/piggy_172.jpg,American
images/Skinny/skinny_076.JPG,Skinny
images/Abyssinian/abyssinian_1254.jpg,Abyssinian
images/Abyssinian/abyssinian_1091.jpg,Abyssinian
images/Abyssinian/abyssinian_109.jpg,Abyssinian
images/Skinny/skinny_289.jpg,Skinny
images/Silkie/silkie_844.jpg,Silkie
images/Abyssinian/abyssinian_248.jpg,Abyssinian
images/Abyssinian/abyssinian_260.jpg,Abyssinian
images/Skinny/skinny_042.jpg,Skinny
images/Skinny/skinny_004.jpg,Skinny
images/Skinny/skinny_081.php,Skinny
images/American/american_2743.jpg,American
images/Skinny/skinny_133.jpg,Skinny
images/Skinny/skinny_192.jpeg,Skinny
images/Skinny/skinny_003.JPG,Skinny
images/Abyssinian/abyssinian_1198.jpg,Abyssinian
images/Abyssinian/abyssinian_1097.jpg,Abyssinian
images/Skinny/skinny_295.jpg,Skinny
images/American/american_224.jpg,American
images/American/american_2039.jpg,American
images/Silkie/silkie_533.jpg,Silkie
images/American/piggy_519.jpg,American
images/American/piggy_972.jpg,American
images/Abyssinian/abyssinian_1312.jpg,Abyssinian
images/Abyssinian/abyssinian_1224.jpg,Abyssinian
images/Abyssinian/piggy_705.jpg,Abyssinian
images/American/american_080.jpg,American
images/American/american_2585.jpg,American
images/Abyssinian/abyssinian_101.jpg,Abyssinian
images/American/american_114.jpg,American
images/Abyssinian/abyssinian_228.jpg,Abyssinian
images/Silkie/silkie_730.jpg,Silkie
images/American/piggy_499.jpg,American
images/American/american_005.jpg,American
images/Abyssinian/abyssinian_176.jpeg,Abyssinian
images/American/american_2531.jpg,American
images/Abyssinian/abyssinian_1321.jpg,Abyssinian
images/American/piggy_378.jpg,American
images/Abyssinian/abyssinian_093.jpg,Abyssinian
images/Silkie/silkie_890.jpg,Silkie
images/American/american_060.jpg,American
images/Abyssinian/abyssinian_1626.jpg,Abyssinian
images/Silkie/silkie_570.jpg,Silkie
images/Silkie/silkie_885.jpg,Silkie
images/Abyssinian/abyssinian_085.jpg,Abyssinian
images/Skinny/skinny_098.jpg,Skinny
images/Skinny/skinny_185.jpg,Skinny
images/Skinny/skinny_250.jpg,Skinny
images/Silkie/silkie_016.jpg,Silkie
images/Skinny/skinny_189.JPG,Skinny
images/Skinny/skinny_268.jpg,Skinny
images/American/piggy_261.jpg,American
images/American/american_016.jpg,American
images/Abyssinian/abyssinian_1262.jpg,Abyssinian
images/Abyssinian/abyssinian_273.jpg,Abyssinian
images/Silkie/silkie_781.jpg,Silkie
images/Silkie/silkie_849.jpg,Silkie
images/Abyssinian/abyssinian_1303.jpg,Abyssinian
images/American/american_065.jpg,American
images/American/american_2003.jpg,American
images/Abyssinian/abyssinian_1249.jpg,Abyssinian
images/Skinny/skinny_152.jpg,Skinny
images/Abyssinian/abyssinian_1072.jpg,Abyssinian
images/Skinny/skinny_045.jpg,Skinny
images/Skinny/skinny_239.jpg,Skinny
images/American/american_160.jpg,American
images/American/piggy_149.jpg,American
images/Skinny/skinny_171.jpg,Skinny
images/Abyssinian/abyssinian_144.jpg,Abyssinian
images/Silkie/silkie_613.jpg,Silkie
images/American/american_2001.jpg,American
images/Abyssinian/abyssinian_169.jpg,Abyssinian
images/American/american_2187.jpg,American
images/Skinny/skinny_300.jpg,Skinny
images/American/piggy_638.jpg,American
images/Skinny/skinny_157.JPG,Skinny
images/American/american_105.jpg,American
images/Abyssinian/abyssinian_173.jpg,Abyssinian
images/Abyssinian/abyssinian_089.jpg,Abyssinian
images/Silkie/silkie_337.jpg,Silkie
images/Skinny/skinny_083.png,Skinny
images/Skinny/skinny_261.jpg,Skinny
images/Silkie/silkie_462.jpg,Silkie
images/Abyssinian/abyssinian_153.jpg,Abyssinian
images/American/piggy_011.jpg,American
images/Abyssinian/abyssinian_1086.jpg,Abyssinian
images/Abyssinian/abyssinian_1520.jpg,Abyssinian
images/American/piggy_452.jpg,American
images/Abyssinian/abyssinian_097.jpg,Abyssinian
images/American/american_2111.jpg,American
images/American/piggy_038.jpg,American
images/American/piggy_258.jpg,American
images/American/american_208.jpg,American
images/American/american_046.jpg,American
images/Abyssinian/abyssinian_092.jpg,Abyssinian
images/American/piggy_594.jpg,American
images/American/american_067.jpg,American
images/Skinny/skinny_205.jpg,Skinny
images/Silkie/silkie_304.jpg,Silkie
images/Skinny/skinny_121.jpg,Skinny
images/Silkie/silkie_033.jpg,Silkie
images/Silkie/silkie_093.jpg,Silkie
images/Skinny/skinny_230.jpg,Skinny
images/Abyssinian/abyssinian_246.jpg,Abyssinian
images/American/american_099.jpg,American
images/American/piggy_050.jpg,American
images/Abyssinian/abyssinian_1164.jpg,Abyssinian
images/Silkie/silkie_004.jpg,Silkie
images/American/american_033.jpg,American
images/Abyssinian/abyssinian_1048.jpg,Abyssinian
images/Abyssinian/abyssinian_080.jpg,Abyssinian
images/Skinny/skinny_100.jpg,Skinny
images/Skinny/skinny_263.jpg,Skinny
images/American/american_191.jpg,American
images/Silkie/silkie_584.jpg,Silkie
images/Abyssinian/abyssinian_1180.jpg,Abyssinian
images/Silkie/silkie_904.jpg,Silkie
images/Abyssinian/abyssinian_255.jpg,Abyssinian
images/Abyssinian/abyssinian_048.png,Abyssinian
images/American/piggy_003.jpg,American
images/Skinny/skinny_113.jpg,Skinny
images/American/piggy_355.jpg,American
images/Skinny/skinny_068.jpg,Skinny
images/American/american_081.jpg,American
images/American/piggy_525.jpg,American
images/Skinny/skinny_197.jpg,Skinny
images/Abyssinian/abyssinian_1094.jpg,Abyssinian
images/American/piggy_490.jpg,American
images/American/piggy_432.jpg,American
images/Abyssinian/abyssinian_159.JPG,Abyssinian
images/Silkie/silkie_010.jpg,Silkie
images/American/american_063.jpg,American
images/American/piggy_688.jpg,American
images/Silkie/silkie_770.jpg,Silkie
images/Abyssinian/piggy_345.jpg,Abyssinian
images/American/piggy_067.jpg,American
images/Silkie/silkie_864.jpg,Silkie
images/Abyssinian/abyssinian_1075.jpg,Abyssinian
images/Abyssinian/abyssinian_133.jpg,Abyssinian
images/American/american_004.jpg,American
images/Abyssinian/abyssinian_231.jpg,Abyssinian
images/Abyssinian/abyssinian_1155.jpg,Abyssinian
images/Silkie/silkie_677.jpg,Silkie
images/American/american_2723.jpg,American
images/Silkie/silkie_746.jpg,Silkie
images/American/american_2183.jpg,American
images/Abyssinian/abyssinian_1089.jpg,Abyssinian
images/Skinny/skinny_030.jpg,Skinny
images/Skinny/skinny_080.jpg,Skinny
images/Silkie/silkie_889.jpg,Silkie
images/Skinny/skinny_301.jpg,Skinny
images/Abyssinian/abyssinian_061.jpg,Abyssinian
images/American/american_075.jpg,American
images/Abyssinian/abyssinian_1701.jpg,Abyssinian
images/American/american_2242.jpg,American
images/Skinny/skinny_007.jpg,Skinny
images/Abyssinian/abyssinian_1162.jpg,Abyssinian
images/American/american_163.jpg,American
images/American/piggy_051.jpg,American
images/Abyssinian/abyssinian_1101.jpg,Abyssinian
images/Abyssinian/abyssinian_141.jpg,Abyssinian
images/Abyssinian/abyssinian_274.jpg,Abyssinian
images/American/piggy_133.jpg,American
images/Abyssinian/abyssinian_196.JPG,Abyssinian
images/Silkie/silkie_822.jpg,Silkie
images/Abyssinian/abyssinian_1098.jpg,Abyssinian
images/Abyssinian/abyssinian_005.jpg,Abyssinian
images/Abyssinian/abyssinian_125.jpg,Abyssinian
images/American/piggy_719.jpg,American
images/Skinny/skinny_209.JPG,Skinny
images/Abyssinian/abyssinian_257.jpg,Abyssinian
images/Abyssinian/abyssinian_1452.jpg,Abyssinian
images/American/american_074.jpg,American
images/Abyssinian/abyssinian_166.jpg,Abyssinian
images/Skinny/skinny_069.jpg,Skinny
images/Silkie/silkie_891.jpg,Silkie
images/Abyssinian/abyssinian_1209.jpg,Abyssinian
images/American/american_017.jpeg,American
images/American/american_2404.jpg,American
images/Abyssinian/abyssinian_1079.jpg,Abyssinian
images/Abyssinian/abyssinian_119.jpg,Abyssinian
images/American/american_2696.jpg,American
images/American/american_2045.jpg,American
images/American/american_018.jpg,American
images/Skinny/skinny_060.jpg,Skinny
images/Silkie/silkie_940.jpg,Silkie
images/American/piggy_778.jpg,American
images/Abyssinian/abyssinian_1109.jpg,Abyssinian
images/Silkie/silkie_720.jpg,Silkie
images/American/american_2071.jpg,American
images/Abyssinian/abyssinian_086.jpg,Abyssinian
images/Silkie/silkie_831.jpg,Silkie
images/American/american_113.JPG,American
images/Silkie/silkie_066.jpg,Silkie
images/Abyssinian/abyssinian_1227.jpg,Abyssinian
images/Abyssinian/abyssinian_128.jpg,Abyssinian
images/Abyssinian/piggy_431.jpg,Abyssinian
images/American/american_145.jpg,American
images/Silkie/silkie_962.jpg,Silkie
images/American/piggy_389.jpg,American
images/American/american_047.jpg,American
images/Abyssinian/abyssinian_1082.jpg,Abyssinian
images/Abyssinian/abyssinian_1297.jpg,Abyssinian
images/Abyssinian/abyssinian_1083.jpg,Abyssinian
images/Abyssinian/abyssinian_006.jpg,Abyssinian
images/Silkie/silkie_1010.jpg,Silkie
images/Silkie/silkie_736.jpg,Silkie
images/Abyssinian/abyssinian_165.jpg,Abyssinian
images/Abyssinian/abyssinian_1087.jpg,Abyssinian
images/American/american_2079.jpg,American
images/American/american_030.jpg,American
images/Abyssinian/abyssinian_1154.jpg,Abyssinian
images/Abyssinian/abyssinian_1301.jpg,Abyssinian
images/Silkie/silkie_702.jpg,Silkie
images/Abyssinian/abyssinian_167.jpg,Abyssinian
images/Abyssinian/piggy_007.jpg,Abyssinian
images/Silkie/silkie_604.jpg,Silkie
images/Silkie/silkie_519.jpg,Silkie
images/Silkie/silkie_025.jpg,Silkie
images/Skinny/skinny_075.jpg,Skinny
images/Abyssinian/abyssinian_264.jpg,Abyssinian
images/American/american_102.jpg,American
images/Silkie/silkie_699.jpg,Silkie
images/Skinny/skinny_093.jpg,Skinny
images/Skinny/skinny_109.jpg,Skinny
images/Skinny/skinny_135.jpg,Skinny
images/American/american_204.jpg,American
images/Silkie/silkie_032.jpg,Silkie
images/Abyssinian/abyssinian_1102.jpg,Abyssinian
images/American/american_2006.jpg,American
images/Abyssinian/abyssinian_1269.jpg,Abyssinian
images/Silkie/silkie_813.jpg,Silkie
images/American/piggy_756.jpg,American
images/Abyssinian/abyssinian_207.jpg,Abyssinian
images/Abyssinian/abyssinian_1704.jpg,Abyssinian
